symbol,close,volume,issue_share,marketcap,weekly_avg_turnover,turnover_rank,total_score
NKG,17.95,25184400,447570881,8033897313.95,0.07423078982656157,1,95
DIG,24.25,24656800,646431191,15675956381.75,0.054460398090537064,2,69
CII,22.3,22594700,624939021,13936140168.3,0.047169466155002664,3,74
PDR,23.65,21111600,979809379,23172491813.35,0.037217259582896886,4,62
HDC,34.55,3918000,178354966,6162164075.299999,0.03591568064328526,5,141
HSG,19.9,13794800,620982309,12357547949.099998,0.03410074601658257,6,82
HHV,14.75,9248200,497433003,7337136794.25,0.0301705353474506,7,118
VSC,29.0,8364400,374370362,10856740498.0,0.029544913600826124,8,102
VND,24.5,28517100,1522299908,37296347746.0,0.028584052177450435,9,43
HCM,27.9,12051600,720811532,20110641742.8,0.027999496545235626,10,74
SSI,42.0,51995900,1973863918,82902284556.0,0.02664890903588623,11,23
DXG,23.5,20597800,1020631675,23984844362.5,0.025790028513469364,12,62
SHB,17.6,70080800,4065747002,71557147235.20001,0.025154044250587138,13,25
TCH,21.8,6978000,668215843,14567105377.4,0.022808174274311543,14,93
VIX,35.5,38455200,1531429858,54365759959.0,0.022596281389728527,15,33
DBC,28.45,12498200,384866667,10949456676.15,0.022201662894334263,16,92
ANV,28.1,3303000,266667500,7493356750.0,0.01988056287324102,17,141
VCI,44.9,10043800,722600000,32444740000.0,0.019589842236368667,18,67
EVF,13.3,9008300,760565802,10115525166.6,0.01900059135185781,19,104
VCG,25.45,7570500,646468336,16452619151.2,0.018133355258408205,20,87
CTS,39.45,2242000,212693438,8390756129.1,0.018076251134743516,21,147
HDG,30.6,5853300,369963035,11320868871.0,0.016852224168828107,22,110
PVD,22.15,4467400,556296006,12321956532.9,0.01669668647594065,23,108
KBC,38.35,13274300,941754759,36116295007.65,0.015366484598778651,24,58
HPG,28.85,73861200,7675465855,221437189916.75,0.014890551552066023,25,9
TPB,19.45,21852800,2641956196,51386048012.2,0.014256580051185677,26,41
HAG,15.4,9681200,1057467947,16285006383.8,0.013529109833151282,27,83
PC1,25.85,2737000,357642121,9245048827.85,0.012712764333482968,28,136
DPM,26.4,3508400,391400000,10332960000.0,0.012471231476750128,29,123
MSB,14.0,13676900,2600000000,36400000000.0,0.011820812076923076,30,54
SZC,34.25,1909600,179985863,6164515807.75,0.011228126289007486,31,159
GEX,51.7,6795700,902398948,46654025611.600006,0.011053027069796629,32,65
DGW,41.75,967600,219320169,9156617055.75,0.010675899123532045,33,155
FTS,37.8,2746000,346498009,13097624740.2,0.01032052106250342,34,120
NLG,41.9,2573500,385075304,16134655237.6,0.010285884238372242,35,118
DXS,13.2,4319300,579103124,7644161236.799999,0.009961231015566063,36,130
EIB,27.2,10766300,1868810607,50831648510.4,0.00936421268931721,37,53
VPI,57.5,2755500,320049577,18402850677.5,0.009204261501023636,38,110
PVT,17.8,3994400,469931235,8364775983.0,0.008392547049995517,39,130
DCM,37.5,3440400,529400000,19852500000.0,0.00817925953910087,40,103
MBB,26.65,32840700,6102272659,162625566362.35,0.007766552340151669,41,16
MSN,81.0,6003800,1445915457,117119152017.0,0.007568257152949157,42,53
POW,15.2,12456900,2341871600,35596448320.0,0.007373563947741626,43,62
GMD,68.2,3906800,420192309,28657115473.800003,0.007218361533599607,44,92
MWG,76.0,6933700,1479693177,112456681452.0,0.0068282399061167,45,50
BSI,50.1,1344000,245365943,12292833744.3,0.006764426960427838,46,139
KDH,34.8,4220800,1122214899,39053078485.2,0.006664570223283053,47,78
VHC,58.3,1172800,224453159,13085619169.7,0.006277924562425072,48,139
NT2,21.4,1430800,287876029,6160547020.599999,0.0059957058807421585,49,163
DGC,95.6,1424900,379779286,36306899741.6,0.005603254517677933,50,107
FPT,102.1,6460700,1703507121,173928077054.09998,0.005476537130366361,51,44
VPB,32.4,39698200,7933923601,257059124672.4,0.005271747259417554,52,11
PAN,32.0,695500,216294580,6921426560.0,0.005218194556701328,53,169
HDB,31.55,13478200,3510142254,110744988113.7,0.00506017668650303,54,36
TLG,53.7,100900,86453575,4642556977.5,0.004965902219775179,55,195
CTD,75.1,429300,103633261,7782857901.099999,0.004964043348978471,56,168
DSE,29.3,1224700,339900000,9959070000.0,0.004868961459252721,57,151
VIB,21.05,10440300,3404005710,71654320195.5,0.004797530142803432,58,46
STB,54.2,6237400,1885215716,102178691807.2,0.004685575197061428,59,55
OCB,13.15,4798100,2465789152,32425127348.8,0.0041495194314164945,60,83
VJC,145.0,2383000,541611334,78533643430.0,0.003974325987794044,61,83
CMG,39.95,347400,211339607,8443017299.650001,0.0039031017976672968,62,172
ACB,26.55,15204500,5136656599,136378232703.45,0.0036946873193148023,63,27
VTP,99.4,240900,121783042,12105234374.8,0.0036816291713258403,64,161
PTB,51.4,209600,66938403,3440633914.2,0.0036771119263182897,65,194
TCB,38.5,27379900,7064851739,271996791951.5,0.0035361364856520174,66,13
FRT,128.2,398900,170301785,21832688837.0,0.003532904837139552,67,134
CTR,87.9,195900,114385879,10054518764.1,0.003505152939376372,68,172
VGC,57.9,1426300,448350000,25959465000.0,0.003326909780305565,69,115
SCS,59.8,232000,94886982,5674241523.599999,0.0032958135395222076,70,189
PHR,55.4,374000,135499198,7506655569.2,0.0027530878817452484,71,175
REE,66.1,630300,541658139,35803602987.899994,0.0024240750862233426,72,118
HT1,17.2,424400,381589911,6563346469.2,0.0024230724485794905,73,175
PNJ,85.7,432300,338074776,28973008303.2,0.0024117149751509415,74,124
VNM,60.3,3516800,2089955445,126024313333.5,0.0023758305526939113,75,62
VRE,30.3,2922000,2328818410,70563197823.0,0.002215930610064183,76,76
BMP,150.4,59300,81860938,12311885075.2,0.002215464474643572,77,166
CTG,49.6,7573900,5369991748,266351590700.8,0.001963846593233163,78,36
PPC,10.85,362300,326235000,3539649750.0,0.0017685410823486136,79,186
KOS,39.15,392800,216481335,8475244265.25,0.0017119258803536112,80,166
NAB,15.35,1973700,1715686480,26335787468.0,0.0016034980936610282,81,110
PLX,35.45,1657600,1293878081,45867977971.450005,0.0016028867251519658,82,98
SBT,24.25,1313700,814545038,19752717171.5,0.0014602753003327487,83,125
SIP,58.7,210000,242112943,14212029754.1,0.0014461845602364183,84,155
KDC,53.7,436700,289806316,15562599169.2,0.0013004547492332776,85,139
BID,40.65,4248700,7021361917,285418361926.05,0.0012951988670433894,86,47
VCB,64.9,6192300,8355675094,542283313600.6,0.0012362591752062683,87,38
GEE,103.8,424000,365999956,37990795432.8,0.0011008422088444186,88,118
SSB,19.65,2869100,2845000000,55904249999.99999,0.0010618629173989457,89,80
GVR,28.6,2423500,4000000000,114400000000.0,0.0010439549999999998,90,77
LPB,42.3,2727100,2987282100,126362032829.99998,0.00096888740437336,91,71
VHM,101.4,2851500,4107412004,416491577205.6,0.0009243436003747921,92,57
BVH,56.8,289300,742322764,42163932995.2,0.0007203335609953086,93,123
SAB,46.3,858200,1282562372,59382637823.6,0.0007082072730572825,94,102
IMP,54.9,39300,154042762,8456947633.8,0.0006668278253800721,95,182
BWE,46.7,121100,219928644,10270667674.8,0.0006588500586581164,96,171
VIC,129.2,2659700,3823661561,494017073681.2,0.0005900103772285718,97,61
GAS,62.1,1258200,2342672919,145479988269.9,0.0004607224471014599,98,83
BCM,67.9,356600,1035000000,70276500000.0,0.0004106859903381642,99,113
SJS,72.0,48700,297474828,21418187616.0,0.00023168346869335783,100,150
